{"stat.killEntity.Skeleton":1,"stat.walkOneCm":33463,"stat.leaveGame":1,"stat.damageTaken":112,"stat.pickup.biomesoplenty.berries":2,"stat.mobKills":1,"stat.mineBlock.minecraft.log":6,"stat.pickup.minecraft.log":6,"stat.flyOneCm":410847,"stat.pickup.minecraft.diamond_sword":1,"stat.drop":1,"stat.jump":127,"stat.mineBlock.minecraft.leaves":5,"stat.playOneMinute":19842,"stat.fallOneCm":2656,"stat.sneakTime":644,"stat.drop.minecraft.diamond_sword":1,"stat.damageDealt":249,"stat.crouchOneCm":854,"stat.timeSinceDeath":19842,"stat.pickup.minecraft.sapling":9,"stat.pickup.minecraft.dirt":5,"stat.useItem.minecraft.dirt":4,"stat.useItem.biomesoplenty.berries":2,"stat.mineBlock.minecraft.dirt":5,"stat.sprintOneCm":36814}