{"stat.pickup.tconstruct.book":2,"stat.walkOneCm":27911,"stat.drop.gravestone.death_info":1,"stat.pickup.minecraft.stick":2,"stat.leaveGame":1,"stat.pickup.minecraft.stonebrick":15,"stat.craftItem.minecraft.crafting_table":1,"stat.pickup.gravestone.death_info":1,"stat.pickup.minecraft.log":4,"stat.pickup.minecraft.string":1,"stat.pickup.minecraft.diamond_sword":1,"stat.jump":177,"stat.swimOneCm":481,"stat.fallOneCm":2118,"stat.climbOneCm":2242,"stat.entityKilledBy.Skeleton":2,"stat.crouchOneCm":515,"stat.useItem.extrautils2.luxsaber":9,"stat.mineBlock.gravestone.gravestone":2,"stat.pickup.minecraft.sapling":2,"stat.pickup.minecraft.dirt":9,"stat.useItem.minecraft.dirt":6,"stat.sprintOneCm":16078,"stat.useItem.minecraft.stone_slab2":276,"stat.pickup.minecraft.skull":1,"stat.craftItem.minecraft.stick":4,"stat.craftingTableInteraction":1,"stat.pickup.minecraft.rotten_flesh":6,"stat.craftItem.minecraft.planks":16,"stat.pickup.minecraft.wooden_pickaxe":1,"stat.damageTaken":1344,"stat.killEntity.Spider":1,"stat.pickup.minecraft.written_book":2,"stat.useItem.minecraft.wooden_pickaxe":29,"stat.mobKills":7,"stat.mineBlock.minecraft.log":4,"stat.pickup.minecraft.planks":7,"stat.flyOneCm":305507,"stat.deaths":5,"stat.drop":1,"stat.pickup.minecraft.egg":2,"stat.mineBlock.minecraft.leaves":15,"stat.playOneMinute":19277,"stat.entityKilledBy.Zombie":1,"stat.pickup.immersiveengineering.wirecoil":1,"stat.killEntity.Sheep":1,"stat.sneakTime":349,"stat.damageDealt":1402,"stat.pickup.immersiveengineering.connector":1,"stat.killEntity.Zombie":3,"stat.timeSinceDeath":9377,"stat.mineBlock.minecraft.dirt":9,"stat.pickup.tconstruct.slime_sapling":1,"stat.craftItem.minecraft.wooden_pickaxe":1,"stat.diveOneCm":363}