{"stat.walkOneCm":29926,"stat.leaveGame":2,"stat.useItem.harvestcraft.lentilitem":4,"stat.craftItem.minecraft.crafting_table":1,"stat.pickup.minecraft.stone_slab2":25,"stat.mineBlock.minecraft.coal_ore":21,"stat.useItem.harvestcraft.cassavaitem":3,"stat.pickup.minecraft.log":15,"stat.useItem.harvestcraft.cactusfruititem":2,"stat.mineBlock.minecraft.stained_glass":1,"stat.jump":282,"stat.swimOneCm":956,"stat.pickup.minecraft.coal":21,"stat.fallOneCm":10199,"stat.craftItem.realistictorches.torch_unlit":16,"stat.useItem.minecraft.written_book":3,"stat.pickup.minecraft.sapling":8,"stat.pickup.harvestcraft.cactusfruititem":2,"stat.pickup.minecraft.dirt":9,"stat.useItem.minecraft.dirt":3,"stat.sprintOneCm":32460,"stat.useItem.minecraft.stone_slab2":28,"stat.pickup.harvestcraft.chickpeaitem":2,"stat.craftItem.minecraft.stick":8,"stat.craftingTableInteraction":3,"stat.pickup.minecraft.sand":5,"stat.craftItem.minecraft.planks":12,"stat.mineBlock.harvestcraft.aridgarden":6,"stat.pickup.harvestcraft.agaveitem":3,"stat.damageTaken":210,"stat.pickup.biomesoplenty.berries":4,"stat.pickup.minecraft.cobblestone_wall":2,"stat.craftItem.minecraft.stone_pickaxe":1,"stat.useItem.minecraft.wooden_pickaxe":14,"stat.useItem.minecraft.reeds":5,"stat.pickup.minecraft.cobblestone":11,"stat.mineBlock.minecraft.log":15,"stat.mineBlock.minecraft.stone_slab2":14,"stat.pickup.harvestcraft.lentilitem":4,"stat.pickup.minecraft.reeds":6,"stat.flyOneCm":64182,"stat.mineBlock.minecraft.leaves":6,"stat.pickup.minecraft.egg":3,"stat.pickup.harvestcraft.cassavaitem":3,"stat.playOneMinute":13898,"stat.useItem.minecraft.stone_pickaxe":35,"stat.pickup.minecraft.cactus":4,"stat.sneakTime":5,"stat.mineBlock.minecraft.cobblestone_wall":3,"stat.damageDealt":10,"stat.timeSinceDeath":13898,"stat.useItem.biomesoplenty.berries":4,"stat.mineBlock.minecraft.dirt":9,"stat.useItem.harvestcraft.chickpeaitem":2,"stat.craftItem.minecraft.wooden_pickaxe":1,"stat.mineBlock.minecraft.stone":11,"stat.useItem.harvestcraft.agaveitem":3,"stat.diveOneCm":100}