{"stat.chestOpened":3,"stat.walkOneCm":34274,"stat.drop.minecraft.wooden_pickaxe":1,"stat.leaveGame":1,"stat.pickup.minecraft.arrow":1,"stat.pickup.minecraft.crafting_table":2,"stat.craftItem.minecraft.crafting_table":2,"stat.useItem.minecraft.apple":3,"stat.pickup.minecraft.log":53,"stat.mineBlock.minecraft.stained_glass":1,"stat.jump":525,"stat.useItem.minecraft.sand":5,"stat.fallOneCm":16648,"stat.climbOneCm":48,"stat.useItem.minecraft.stone_axe":57,"stat.crouchOneCm":8418,"stat.pickup.minecraft.sapling":30,"stat.pickup.minecraft.dirt":1,"stat.sprintOneCm":42059,"stat.pickup.biomesoplenty.flower_0":1,"stat.useItem.minecraft.stone_slab2":5,"stat.mineBlock.biomesoplenty.flower_0":1,"stat.pickup.minecraft.apple":3,"stat.craftItem.minecraft.stick":12,"stat.craftingTableInteraction":4,"stat.useItem.harvestcraft.gooseberryitem":1,"stat.pickup.minecraft.sand":7,"stat.pickup.tektopia.structure_home2":1,"stat.useItem.minecraft.sapling":2,"stat.craftItem.minecraft.planks":48,"stat.craftItem.minecraft.stone_axe":1,"stat.damageTaken":440,"stat.mineBlock.minecraft.crafting_table":2,"stat.pickup.biomesoplenty.berries":11,"stat.pickup.minecraft.cobblestone_wall":4,"stat.craftItem.minecraft.stone_pickaxe":1,"stat.useItem.minecraft.wooden_pickaxe":7,"stat.useItem.minecraft.wooden_shovel":7,"stat.pickup.minecraft.cobblestone":8,"stat.mineBlock.minecraft.sapling":2,"stat.mineBlock.minecraft.log":53,"stat.mineBlock.biomesoplenty.plant_0":2,"stat.craftItem.minecraft.stone_sword":1,"stat.flyOneCm":101817,"stat.deaths":1,"stat.drop":1,"stat.mineBlock.minecraft.leaves":21,"stat.mineBlock.minecraft.sand":12,"stat.playOneMinute":16798,"stat.craftItem.minecraft.wooden_shovel":1,"stat.useItem.minecraft.stone_pickaxe":4,"stat.sneakTime":2293,"stat.mineBlock.minecraft.cobblestone_wall":3,"stat.damageDealt":79,"stat.sleepInBed":1,"stat.timeSinceDeath":14663,"stat.useItem.biomesoplenty.berries":11,"stat.mineBlock.minecraft.dirt":3,"stat.useItem.minecraft.crafting_table":2,"stat.craftItem.minecraft.wooden_pickaxe":1,"stat.mineBlock.minecraft.stone":8,"stat.mineBlock.minecraft.tallgrass":1,"stat.pickup.harvestcraft.gooseberryitem":1}