{
  "minecraft:recipes/building_blocks/oak_planks": {
    "criteria": {
      "has_log": "2020-03-22 22:59:11 -0400"
    },
    "done": true
  },
  "biomesoplenty:biomesoplenty/all_biomes": {
    "criteria": {
      "shrubland": "2020-03-22 23:03:51 -0400",
      "chaparral": "2020-03-22 23:04:02 -0400",
      "cherry_blossom_grove": "2020-03-22 23:07:27 -0400"
    },
    "done": false
  },
  "minecraft:husbandry/root": {
    "criteria": {
      "consumed_item": "2020-03-22 23:03:07 -0400"
    },
    "done": true
  },
  "minecraft:adventure/root": {
    "criteria": {
      "killed_something": "2020-03-22 23:01:59 -0400"
    },
    "done": true
  },
  "minecraft:recipes/food/cake": {
    "criteria": {
      "has_egg": "2020-03-22 22:58:16 -0400"
    },
    "done": true
  },
  "minecraft:adventure/adventuring_time": {
    "criteria": {
      "forest": "2020-03-22 22:58:32 -0400",
      "birch_forest": "2020-03-22 23:07:42 -0400",
      "forest_hills": "2020-03-22 22:58:16 -0400",
      "plains": "2020-03-22 23:03:29 -0400",
      "river": "2020-03-22 23:03:28 -0400",
      "desert": "2020-03-22 23:03:47 -0400"
    },
    "done": false
  }
}