{"stat.pickup.minecraft.rotten_flesh":1,"stat.pickup.minecraft.sand":61,"stat.walkOneCm":45839,"stat.pickup.immersiveengineering.seed":2,"stat.leaveGame":2,"stat.damageTaken":380,"stat.entityKilledBy.midnight.rifter":1,"stat.killEntity.Spider":1,"stat.mineBlock.minecraft.yellow_flower":3,"stat.useItem.minecraft.reeds":5,"stat.mineBlock.minecraft.double_plant":1,"stat.mobKills":1,"stat.mineBlock.biomesoplenty.plant_0":29,"stat.pickup.biomesoplenty.plant_1":1,"stat.pickup.minecraft.reeds":6,"stat.flyOneCm":280277,"stat.deaths":1,"stat.pickup.minecraft.wheat_seeds":6,"stat.drop":2,"stat.jump":391,"stat.swimOneCm":2554,"stat.mineBlock.minecraft.sand":61,"stat.mineBlock.minecraft.leaves":48,"stat.useItem.minecraft.sand":26,"stat.playOneMinute":27521,"stat.fallOneCm":11019,"stat.pickup.midnight.bloomcrystal_rock":3,"stat.sneakTime":2531,"stat.damageDealt":170,"stat.crouchOneCm":12225,"stat.timeSinceDeath":22768,"stat.pickup.minecraft.sapling":2,"stat.pickup.minecraft.dirt":3,"stat.useItem.minecraft.dirt":2,"stat.pickup.minecraft.yellow_flower":2,"stat.sprintOneCm":31080,"stat.mineBlock.minecraft.dirt":3,"stat.pickup.biomesoplenty.flower_0":5,"stat.useItem.minecraft.stone_slab2":160,"stat.mineBlock.biomesoplenty.flower_0":5,"stat.mineBlock.minecraft.tallgrass":52,"stat.diveOneCm":1227,"stat.drop.midnight.bloomcrystal_rock":2}