{"stat.chestOpened":6,"stat.pickup.tconstruct.tooltables":1,"stat.pickup.minecraft.bone":4,"stat.pickup.minecraft.arrow":8,"stat.mineBlock.minecraft.cobblestone":7,"stat.craftItem.minecraft.cooked_porkchop":8,"stat.useItem.minecraft.porkchop":1,"stat.mineBlock.minecraft.stained_glass_pane":2,"stat.mineBlock.minecraft.stained_glass":2,"stat.useItem.minecraft.mutton":2,"stat.jump":157,"stat.swimOneCm":3592,"stat.pickup.minecraft.coal":12,"stat.fallOneCm":964,"stat.useItem.minecraft.stone_axe":17,"stat.pickup.minecraft.porkchop":9,"stat.crouchOneCm":119,"stat.pickup.minecraft.spider_eye":2,"stat.craftItem.minecraft.chest":4,"stat.useItem.minecraft.dirt":35,"stat.pickup.minecraft.dirt":52,"stat.useItem.minecraft.stone_slab2":15,"stat.pickup.harvestcraft.calamarirawitem":2,"stat.pickup.minecraft.bow":1,"stat.craftingTableInteraction":2,"stat.pickup.minecraft.rotten_flesh":16,"stat.pickup.minecraft.sand":14,"stat.craftItem.minecraft.furnace":1,"stat.useItem.minecraft.sapling":6,"stat.mineBlock.tconstruct.tooltables":1,"stat.useItem.minecraft.egg":1,"stat.craftItem.minecraft.stone_axe":1,"stat.mineBlock.minecraft.stone_stairs":2,"stat.pickup.minecraft.leather":5,"stat.damageTaken":420,"stat.craftItem.minecraft.stone_pickaxe":1,"stat.mineBlock.minecraft.furnace":2,"stat.useItem.minecraft.wooden_pickaxe":41,"stat.craftItem.minecraft.cooked_beef":13,"stat.pickup.minecraft.cobblestone":54,"stat.mineBlock.minecraft.sapling":2,"stat.craftItem.minecraft.wooden_sword":1,"stat.mineBlock.biomesoplenty.plant_0":3,"stat.pickup.minecraft.dye":3,"stat.craftItem.minecraft.stone_sword":1,"stat.flyOneCm":6366,"stat.pickup.minecraft.wheat_seeds":1,"stat.mineBlock.minecraft.sand":15,"stat.pickup.minecraft.potato":1,"stat.useItem.minecraft.stone_pickaxe":80,"stat.pickup.immersiveengineering.wirecoil":7,"stat.useItem.minecraft.cooked_beef":6,"stat.useItem.minecraft.stone_sword":108,"stat.damageDealt":6354,"stat.timeSinceDeath":32128,"stat.killEntity.Cow":6,"stat.mineBlock.minecraft.dirt":53,"stat.killEntity.Pig":5,"stat.craftItem.minecraft.wooden_pickaxe":1,"stat.pickup.minecraft.mutton":12,"stat.walkOneCm":140538,"stat.useItem.minecraft.chest":3,"stat.craftItem.minecraft.stone_stairs":8,"stat.pickup.minecraft.crafting_table":2,"stat.useItem.minecraft.cobblestone":18,"stat.craftItem.minecraft.crafting_table":2,"stat.furnaceInteraction":20,"stat.useItem.minecraft.cooked_porkchop":7,"stat.mineBlock.minecraft.coal_ore":12,"stat.craftItem.realistictorches.torch_lit":8,"stat.pickup.minecraft.log":22,"stat.pickup.minecraft.string":3,"stat.pickup.minecraft.beef":14,"stat.pickup.minecraft.furnace":2,"stat.craftItem.realistictorches.torch_unlit":8,"stat.useItem.realistictorches.torch_lit":2,"stat.craftItem.minecraft.stone_slab2":0,"stat.pickup.minecraft.stone":47,"stat.pickup.minecraft.sapling":11,"stat.craftItem.tconstruct.tooltables":2,"stat.killEntity.Squid":1,"stat.sprintOneCm":78859,"stat.useItem.minecraft.stone_stairs":8,"stat.craftItem.minecraft.stick":20,"stat.killEntity.Skeleton":8,"stat.craftItem.minecraft.planks":88,"stat.pickup.minecraft.stone_stairs":2,"stat.craftItem.minecraft.stone":44,"stat.mineBlock.minecraft.crafting_table":2,"stat.killEntity.Spider":3,"stat.useItem.minecraft.wooden_shovel":42,"stat.mobKills":48,"stat.mineBlock.minecraft.log":22,"stat.useItem.minecraft.dye":11,"stat.craftItem.minecraft.wooden_door":3,"stat.useItem.minecraft.beef":1,"stat.useItem.minecraft.wooden_door":2,"stat.playOneMinute":32128,"stat.useItem.minecraft.wooden_sword":57,"stat.craftItem.minecraft.wooden_shovel":1,"stat.killEntity.Sheep":8,"stat.pickup.minecraft.red_flower":1,"stat.sneakTime":18,"stat.pickup.minecraft.wool":8,"stat.pickup.immersiveengineering.connector":4,"stat.killEntity.Zombie":14,"stat.pickup.realistictorches.matchbox":1,"stat.craftItem.minecraft.dye":12,"stat.mineBlock.minecraft.stone":94,"stat.craftItem.minecraft.cooked_mutton":10,"stat.mineBlock.minecraft.tallgrass":1,"stat.diveOneCm":1389}