{"stat.chestOpened":4,"stat.pickup.tconstruct.tooltables":2,"stat.walkOneCm":88006,"stat.pickup.immersiveengineering.seed":1,"stat.pickup.minecraft.bone":1,"stat.entityKilledBy.Stray":1,"stat.pickup.minecraft.arrow":2,"stat.craftItem.minecraft.cooked_porkchop":15,"stat.craftItem.minecraft.crafting_table":3,"stat.furnaceInteraction":32,"stat.useItem.minecraft.cooked_porkchop":7,"stat.pickup.realistictorches.torch_unlit":1,"stat.pickup.gravestone.death_info":1,"stat.craftItem.minecraft.coal":4,"stat.craftItem.realistictorches.torch_lit":5,"stat.pickup.minecraft.log":62,"stat.mineBlock.minecraft.stained_glass_pane":2,"stat.swimOneCm":11625,"stat.jump":381,"stat.fallOneCm":8110,"stat.pickup.minecraft.beef":1,"stat.craftItem.realistictorches.torch_unlit":8,"stat.entityKilledBy.Skeleton":1,"stat.useItem.minecraft.stone_axe":44,"stat.craftItem.minecraft.stone_slab2":0,"stat.useItem.realistictorches.torch_lit":1,"stat.pickup.minecraft.porkchop":19,"stat.crouchOneCm":405,"stat.pickup.minecraft.sapling":26,"stat.craftItem.tconstruct.tooltables":3,"stat.pickup.minecraft.dirt":37,"stat.useItem.minecraft.dirt":8,"stat.sprintOneCm":104319,"stat.useItem.minecraft.stone_slab2":13,"stat.mineBlock.realistictorches.torch_lit":1,"stat.craftItem.minecraft.stick":36,"stat.killEntity.Skeleton":1,"stat.craftItem.minecraft.furnace":3,"stat.drop.realistictorches.torch_lit":1,"stat.craftItem.minecraft.planks":56,"stat.mineBlock.tconstruct.tooltables":2,"stat.craftItem.minecraft.stone_axe":4,"stat.mineBlock.minecraft.glass_pane":4,"stat.damageTaken":1208,"stat.pickup.minecraft.leather":2,"stat.pickup.minecraft.cobblestone_wall":1,"stat.craftItem.minecraft.stone_pickaxe":2,"stat.useItem.minecraft.wooden_pickaxe":53,"stat.mobKills":13,"stat.pickup.minecraft.cobblestone":52,"stat.pickup.minecraft.book":21,"stat.craftItem.minecraft.wooden_sword":2,"stat.mineBlock.minecraft.log":62,"stat.mineBlock.biomesoplenty.plant_0":6,"stat.mineBlock.minecraft.bookshelf":7,"stat.entityKilledBy.Husk":1,"stat.craftItem.minecraft.stone_sword":4,"stat.flyOneCm":80586,"stat.deaths":4,"stat.pickup.minecraft.wheat_seeds":3,"stat.drop":2,"stat.pickup.minecraft.egg":3,"stat.mineBlock.minecraft.leaves":12,"stat.craftItem.minecraft.paper":24,"stat.drop.realistictorches.matchbox":1,"stat.playOneMinute":35130,"stat.useItem.minecraft.wooden_sword":3,"stat.craftItem.minecraft.wooden_slab":24,"stat.sneakTime":209,"stat.useItem.minecraft.stone_sword":12,"stat.mineBlock.minecraft.cobblestone_wall":1,"stat.damageDealt":1148,"stat.craftItem.realistictorches.matchbox":6,"stat.timeSinceDeath":10325,"stat.pickup.realistictorches.matchbox":1,"stat.killEntity.Cow":1,"stat.mineBlock.minecraft.dirt":31,"stat.killEntity.Pig":9,"stat.craftItem.minecraft.wooden_pickaxe":4,"stat.mineBlock.minecraft.stone":52,"stat.mineBlock.minecraft.tallgrass":1,"stat.diveOneCm":8469}