{"stat.chestOpened":7,"stat.pickup.immersiveengineering.ore":21,"stat.pickup.minecraft.bone":1,"stat.pickup.minecraft.wooden_slab":3,"stat.useItem.minecraft.stone":3,"stat.pickup.minecraft.gravel":57,"stat.pickup.minecraft.arrow":2,"stat.mineBlock.minecraft.cobblestone":4,"stat.pickup.minecraft.flint":12,"stat.pickup.minecraft.stone_axe":1,"stat.mineBlock.appliedenergistics2.quartz_ore":3,"stat.useItem.minecraft.rotten_flesh":3,"stat.jump":633,"stat.swimOneCm":2278,"stat.pickup.minecraft.coal":78,"stat.fallOneCm":17019,"stat.pickup.minecraft.iron_ingot":7,"stat.useItem.minecraft.stone_axe":14,"stat.mineBlock.immersiveengineering.ore":18,"stat.pickup.minecraft.porkchop":3,"stat.crouchOneCm":6666,"stat.craftItem.minecraft.iron_ingot":21,"stat.craftItem.minecraft.chest":2,"stat.pickup.minecraft.dirt":22,"stat.craftItem.minecraft.iron_helmet":1,"stat.useItem.minecraft.dirt":14,"stat.useItem.minecraft.stone_slab2":20,"stat.mineBlock.realistictorches.torch_lit":3,"stat.craftingTableInteraction":12,"stat.pickup.minecraft.iron_ore":40,"stat.pickup.minecraft.rotten_flesh":7,"stat.craftItem.minecraft.furnace":2,"stat.entityKilledBy.Spider":2,"stat.craftItem.minecraft.stone_axe":2,"stat.damageTaken":500,"stat.pickup.minecraft.leather":5,"stat.craftItem.minecraft.stone_pickaxe":3,"stat.useItem.minecraft.wooden_pickaxe":59,"stat.useItem.minecraft.furnace":1,"stat.pickup.minecraft.cobblestone":234,"stat.mineBlock.biomesoplenty.plant_1":8,"stat.mineBlock.biomesoplenty.plant_0":14,"stat.pickup.minecraft.planks":22,"stat.pickup.minecraft.reeds":33,"stat.pickup.biomesoplenty.plant_1":8,"stat.mineBlock.chisel.limestone2":8,"stat.pickup.chisel.limestone2":10,"stat.flyOneCm":118054,"stat.pickup.biomesoplenty.mushroom":1,"stat.pickup.appliedenergistics2.material":8,"stat.pickup.minecraft.wheat_seeds":2,"stat.useItem.chisel.limestone2":3,"stat.mineBlock.minecraft.gravel":37,"stat.useItem.minecraft.stone_pickaxe":205,"stat.craftItem.minecraft.wooden_slab":6,"stat.damageDealt":2021,"stat.craftItem.realistictorches.matchbox":1,"stat.mineBlock.minecraft.iron_ore":33,"stat.timeSinceDeath":6664,"stat.killEntity.Cow":4,"stat.useItem.biomesoplenty.berries":1,"stat.mineBlock.minecraft.dirt":5,"stat.pickup.tconstruct.slime_sapling":2,"stat.useItem.minecraft.iron_pickaxe":111,"stat.craftItem.minecraft.wooden_pickaxe":1,"stat.killEntity.Pig":3,"stat.craftItem.minecraft.iron_sword":1,"stat.pickup.minecraft.double_plant":1,"stat.walkOneCm":89668,"stat.pickup.immersiveengineering.seed":2,"stat.mineBlock.biomesoplenty.leaves_2":1,"stat.useItem.minecraft.chest":1,"stat.drop.gravestone.death_info":1,"stat.mineBlock.chisel.marble2":42,"stat.pickup.minecraft.crafting_table":2,"stat.useItem.minecraft.log":2,"stat.useItem.minecraft.cobblestone":43,"stat.craftItem.minecraft.crafting_table":1,"stat.furnaceInteraction":10,"stat.useItem.minecraft.gravel":4,"stat.mineBlock.minecraft.coal_ore":46,"stat.pickup.realistictorches.torch_unlit":4,"stat.craftItem.realistictorches.torch_lit":16,"stat.pickup.minecraft.string":6,"stat.pickup.minecraft.log":26,"stat.pickup.minecraft.beef":9,"stat.pickup.minecraft.furnace":1,"stat.useItem.minecraft.cooked_mutton":2,"stat.craftItem.realistictorches.torch_unlit":16,"stat.craftItem.minecraft.stone_slab2":0,"stat.useItem.realistictorches.torch_lit":5,"stat.pickup.minecraft.stone":43,"stat.craftItem.minecraft.iron_chestplate":1,"stat.pickup.minecraft.sapling":6,"stat.sprintOneCm":57601,"stat.pickup.biomesoplenty.flower_0":1,"stat.mineBlock.biomesoplenty.flower_0":3,"stat.mineBlock.biomesoplenty.log_0":7,"stat.craftItem.minecraft.stick":16,"stat.mineBlock.biomesoplenty.grass":1,"stat.killEntity.Skeleton":1,"stat.pickup.biomesoplenty.log_0":7,"stat.pickup.realistictorches.torch_lit":1,"stat.craftItem.minecraft.planks":76,"stat.useItem.minecraft.iron_sword":29,"stat.killEntity.Chicken":1,"stat.pickup.harvestcraft.queenbeeitem":2,"stat.mineBlock.biomesoplenty.mushroom":1,"stat.mineBlock.minecraft.crafting_table":2,"stat.killEntity.Spider":2,"stat.pickup.biomesoplenty.berries":1,"stat.mobKills":16,"stat.mineBlock.minecraft.log":26,"stat.deaths":2,"stat.drop":1,"stat.mineBlock.minecraft.leaves":3,"stat.craftItem.minecraft.paper":3,"stat.playOneMinute":33591,"stat.pickup.biomesoplenty.dirt":1,"stat.sneakTime":2499,"stat.craftItem.minecraft.iron_pickaxe":1,"stat.killEntity.Zombie":4,"stat.pickup.realistictorches.matchbox":2,"stat.mineBlock.minecraft.stone":201,"stat.pickup.chisel.marble2":74,"stat.mineBlock.minecraft.tallgrass":11,"stat.diveOneCm":1356,"stat.pickup.minecraft.chest":1}