{"stat.chestOpened":57,"stat.pickup.tconstruct.tooltables":2,"stat.pickup.immersiveengineering.ore":6,"stat.pickup.minecraft.bone":6,"stat.craftItem.storagedrawers.basicdrawers":6,"stat.useItem.minecraft.stone":29,"stat.useItem.minecraft.iron_axe":135,"stat.pickup.minecraft.arrow":12,"stat.useItem.harvestcraft.amaranthitem":1,"stat.mineBlock.minecraft.cobblestone":9,"stat.craftItem.minecraft.cooked_porkchop":8,"stat.useItem.harvestcraft.calamaricookeditem":1,"stat.craftItem.minecraft.iron_axe":1,"stat.useItem.minecraft.apple":1,"stat.useItem.minecraft.porkchop":1,"stat.pickup.harvestcraft.chilipepperitem":1,"stat.mineBlock.minecraft.stained_glass_pane":2,"stat.mineBlock.minecraft.stained_glass":2,"stat.useItem.minecraft.mutton":2,"stat.useItem.storagedrawers.basicdrawers":4,"stat.jump":355,"stat.swimOneCm":3592,"stat.pickup.minecraft.coal":37,"stat.fallOneCm":4112,"stat.pickup.harvestcraft.artichokeitem":3,"stat.craftItem.harvestcraft.calamaricookeditem":1,"stat.useItem.minecraft.stone_axe":17,"stat.mineBlock.immersiveengineering.ore":6,"stat.pickup.minecraft.porkchop":9,"stat.useItem.harvestcraft.strawberryitem":1,"stat.crouchOneCm":266,"stat.useItem.harvestcraft.chilipepperitem":1,"stat.pickup.harvestcraft.peanutitem":2,"stat.pickup.minecraft.spider_eye":2,"stat.craftItem.minecraft.chest":16,"stat.craftItem.minecraft.iron_ingot":21,"stat.useItem.harvestcraft.bellpepperitem":1,"stat.useItem.minecraft.dirt":53,"stat.pickup.minecraft.dirt":95,"stat.useItem.minecraft.stone_slab2":32,"stat.pickup.harvestcraft.calamarirawitem":2,"stat.pickup.minecraft.bow":1,"stat.mineBlock.realistictorches.torch_lit":1,"stat.pickup.harvestcraft.bellpepperitem":3,"stat.useItem.harvestcraft.barleyitem":1,"stat.craftItem.aquaculture.iron_fishing_rod":2,"stat.craftingTableInteraction":2,"stat.useItem.harvestcraft.calamarirawitem":1,"stat.pickup.minecraft.rotten_flesh":20,"stat.useItem.harvestcraft.wintersquashitem":1,"stat.pickup.minecraft.sand":14,"stat.useItem.minecraft.glass":12,"stat.craftItem.minecraft.furnace":2,"stat.useItem.minecraft.sapling":70,"stat.mineBlock.tconstruct.tooltables":3,"stat.useItem.minecraft.egg":1,"stat.craftItem.minecraft.stone_axe":1,"stat.mineBlock.minecraft.stone_stairs":2,"stat.pickup.minecraft.leather":5,"stat.damageTaken":630,"stat.useItem.harvestcraft.flaxitem":1,"stat.craftItem.minecraft.stone_pickaxe":1,"stat.mineBlock.minecraft.furnace":4,"stat.useItem.minecraft.wooden_pickaxe":41,"stat.craftItem.minecraft.cooked_beef":13,"stat.pickup.harvestcraft.wintersquashitem":1,"stat.useItem.minecraft.furnace":1,"stat.pickup.minecraft.cobblestone":201,"stat.mineBlock.minecraft.sapling":2,"stat.craftItem.minecraft.wooden_sword":1,"stat.mineBlock.biomesoplenty.plant_0":12,"stat.useItem.harvestcraft.mustardseedsitem":1,"stat.pickup.minecraft.dye":3,"stat.mineBlock.chisel.limestone2":4,"stat.craftItem.minecraft.stone_sword":2,"stat.pickup.chisel.limestone2":4,"stat.flyOneCm":28807,"stat.craftItem.minecraft.iron_shovel":2,"stat.pickup.biomesoplenty.mushroom":7,"stat.pickup.minecraft.wheat_seeds":2,"stat.mineBlock.minecraft.sand":15,"stat.pickup.minecraft.potato":2,"stat.useItem.minecraft.stone_pickaxe":130,"stat.pickup.immersiveengineering.wirecoil":10,"stat.useItem.minecraft.cooked_beef":6,"stat.useItem.minecraft.stone_sword":108,"stat.damageDealt":7424,"stat.craftItem.minecraft.glass":14,"stat.timeSinceDeath":68128,"stat.killEntity.Silverfish":11,"stat.useItem.harvestcraft.cherryitem":1,"stat.useItem.harvestcraft.peanutitem":1,"stat.killEntity.Cow":6,"stat.mineBlock.minecraft.dirt":81,"stat.useItem.minecraft.iron_pickaxe":165,"stat.killEntity.Pig":5,"stat.craftItem.minecraft.wooden_pickaxe":1,"stat.pickup.minecraft.mutton":12,"stat.craftItem.minecraft.iron_sword":2,"stat.pickup.harvestcraft.elderberryitem":4,"stat.useItem.harvestcraft.onionitem":1,"stat.useItem.minecraft.iron_shovel":2,"stat.pickup.minecraft.flint_and_steel":1,"stat.walkOneCm":287770,"stat.useItem.minecraft.chest":3,"stat.pickup.harvestcraft.onionitem":2,"stat.useItem.minecraft.potato":1,"stat.useItem.harvestcraft.cornitem":1,"stat.craftItem.minecraft.stone_stairs":8,"stat.mineBlock.chisel.marble2":12,"stat.pickup.minecraft.crafting_table":2,"stat.useItem.minecraft.cobblestone":43,"stat.craftItem.minecraft.crafting_table":2,"stat.furnaceInteraction":37,"stat.pickup.harvestcraft.cherryitem":3,"stat.useItem.minecraft.cooked_porkchop":7,"stat.pickup.harvestcraft.cornitem":3,"stat.useItem.minecraft.lava_bucket":2,"stat.mineBlock.minecraft.coal_ore":34,"stat.useItem.biomesoplenty.mushroom":6,"stat.pickup.realistictorches.torch_unlit":4,"stat.craftItem.realistictorches.torch_lit":13,"stat.pickup.minecraft.log":109,"stat.pickup.minecraft.string":6,"stat.useItem.realistictorches.torch_unlit":1,"stat.pickup.minecraft.beef":14,"stat.pickup.minecraft.furnace":4,"stat.useItem.minecraft.cooked_mutton":5,"stat.craftItem.realistictorches.torch_unlit":12,"stat.useItem.realistictorches.torch_lit":9,"stat.craftItem.minecraft.stone_slab2":0,"stat.mineBlock.harvestcraft.windygarden":12,"stat.pickup.minecraft.stone":54,"stat.pickup.minecraft.sapling":61,"stat.craftItem.tconstruct.tooltables":2,"stat.killEntity.Squid":1,"stat.useItem.harvestcraft.cucumberitem":1,"stat.sprintOneCm":139916,"stat.pickup.minecraft.wooden_door":2,"stat.pickup.minecraft.apple":4,"stat.useItem.minecraft.stone_stairs":8,"stat.craftItem.minecraft.stick":128,"stat.killEntity.Skeleton":8,"stat.pickup.harvestcraft.parsnipitem":2,"stat.pickup.harvestcraft.amaranthitem":5,"stat.craftItem.minecraft.bucket":1,"stat.craftItem.minecraft.planks":184,"stat.pickup.minecraft.stone_stairs":2,"stat.useItem.minecraft.iron_sword":39,"stat.useItem.harvestcraft.parsnipitem":1,"stat.craftItem.minecraft.stone":44,"stat.mineBlock.biomesoplenty.mushroom":7,"stat.pickup.harvestcraft.barleyitem":1,"stat.useItem.harvestcraft.artichokeitem":2,"stat.pickup.harvestcraft.cucumberitem":1,"stat.mineBlock.minecraft.crafting_table":2,"stat.killEntity.Spider":6,"stat.pickup.harvestcraft.strawberryitem":3,"stat.useItem.minecraft.wheat":1,"stat.useItem.minecraft.wooden_shovel":60,"stat.mobKills":61,"stat.mineBlock.minecraft.log":109,"stat.useItem.minecraft.dye":11,"stat.craftItem.minecraft.wooden_door":3,"stat.useItem.minecraft.beef":1,"stat.useItem.minecraft.wooden_door":3,"stat.pickup.harvestcraft.mustardseedsitem":3,"stat.useItem.minecraft.spruce_door":2,"stat.useItem.harvestcraft.elderberryitem":1,"stat.mineBlock.minecraft.leaves":46,"stat.pickup.harvestcraft.flaxitem":4,"stat.playOneMinute":68128,"stat.useItem.minecraft.wooden_sword":57,"stat.craftItem.minecraft.wooden_shovel":1,"stat.killEntity.Sheep":8,"stat.pickup.minecraft.red_flower":1,"stat.sneakTime":95,"stat.craftItem.minecraft.iron_pickaxe":2,"stat.pickup.minecraft.wool":8,"stat.pickup.immersiveengineering.connector":4,"stat.killEntity.Zombie":14,"stat.craftItem.immersiveengineering.metal":6,"stat.pickup.realistictorches.matchbox":1,"stat.craftItem.minecraft.dye":12,"stat.mineBlock.minecraft.stone":259,"stat.pickup.chisel.marble2":9,"stat.craftItem.minecraft.cooked_mutton":10,"stat.mineBlock.minecraft.tallgrass":5,"stat.diveOneCm":1389,"stat.pickup.minecraft.wheat":3,"stat.craftItem.minecraft.spruce_door":6}