{"stat.chestOpened":49,"stat.pickup.tconstruct.tooltables":3,"stat.pickup.immersiveengineering.ore":13,"stat.pickup.minecraft.bone":6,"stat.craftItem.minecraft.sign":3,"stat.pickup.minecraft.sign":1,"stat.useItem.minecraft.stone":7,"stat.pickup.minecraft.gravel":49,"stat.pickup.minecraft.arrow":2,"stat.craftItem.minecraft.cooked_porkchop":15,"stat.pickup.minecraft.flint":7,"stat.pickup.harvestcraft.snapperrawitem":1,"stat.pickup.gravestone.death_info":1,"stat.craftItem.minecraft.coal":4,"stat.mineBlock.minecraft.stained_glass_pane":2,"stat.swimOneCm":16486,"stat.jump":599,"stat.pickup.minecraft.coal":25,"stat.fallOneCm":8590,"stat.pickup.minecraft.enchanted_book":2,"stat.craftItem.harvestcraft.calamaricookeditem":1,"stat.pickup.harvestcraft.sardinerawitem":2,"stat.pickup.minecraft.carrot":1,"stat.useItem.minecraft.stone_axe":44,"stat.useItem.harvestcraft.snapperrawitem":1,"stat.mineBlock.immersiveengineering.ore":12,"stat.pickup.minecraft.gunpowder":2,"stat.pickup.minecraft.porkchop":19,"stat.crouchOneCm":1225,"stat.pickup.minecraft.spider_eye":4,"stat.craftItem.minecraft.iron_ingot":6,"stat.craftItem.minecraft.chest":5,"stat.pickup.minecraft.dirt":37,"stat.useItem.minecraft.dirt":8,"stat.useItem.minecraft.stone_slab2":17,"stat.pickup.harvestcraft.calamarirawitem":2,"stat.mineBlock.realistictorches.torch_lit":1,"stat.craftItem.aquaculture.iron_fishing_rod":2,"stat.pickup.minecraft.iron_ore":27,"stat.craftItem.minecraft.furnace":3,"stat.craftItem.minecraft.flint_and_steel":3,"stat.mineBlock.tconstruct.tooltables":2,"stat.craftItem.minecraft.stone_axe":4,"stat.mineBlock.minecraft.glass_pane":4,"stat.damageTaken":1388,"stat.pickup.minecraft.leather":2,"stat.pickup.minecraft.cobblestone_wall":1,"stat.craftItem.minecraft.stone_pickaxe":2,"stat.useItem.minecraft.wooden_pickaxe":53,"stat.craftItem.minecraft.cooked_beef":1,"stat.pickup.harvestcraft.herringrawitem":1,"stat.pickup.minecraft.cobblestone":123,"stat.craftItem.minecraft.wooden_sword":2,"stat.mineBlock.biomesoplenty.plant_0":7,"stat.pickup.minecraft.dye":4,"stat.mineBlock.chisel.limestone2":2,"stat.useItem.minecraft.stone_shovel":39,"stat.craftItem.minecraft.stone_sword":4,"stat.pickup.chisel.limestone2":2,"stat.flyOneCm":89788,"stat.pickup.aquaculture.fish":2,"stat.pickup.minecraft.wheat_seeds":4,"stat.drop.realistictorches.matchbox":1,"stat.mineBlock.minecraft.gravel":39,"stat.useItem.minecraft.stone_pickaxe":129,"stat.craftItem.minecraft.wooden_slab":24,"stat.useItem.minecraft.cooked_beef":5,"stat.useItem.minecraft.stone_sword":14,"stat.craftItem.minecraft.cooked_fish":2,"stat.damageDealt":2146,"stat.craftItem.realistictorches.matchbox":6,"stat.mineBlock.minecraft.iron_ore":27,"stat.timeSinceDeath":46325,"stat.killEntity.Silverfish":1,"stat.killEntity.Cow":1,"stat.mineBlock.minecraft.dirt":31,"stat.useItem.minecraft.sign":3,"stat.craftItem.minecraft.wooden_pickaxe":4,"stat.killEntity.Pig":9,"stat.craftItem.minecraft.iron_sword":2,"stat.craftItem.minecraft.stone_shovel":2,"stat.walkOneCm":176414,"stat.pickup.immersiveengineering.seed":1,"stat.entityKilledBy.Stray":1,"stat.useItem.minecraft.chest":2,"stat.mineBlock.chisel.marble2":1,"stat.craftItem.minecraft.crafting_table":3,"stat.furnaceInteraction":54,"stat.drop.minecraft.flint_and_steel":1,"stat.useItem.minecraft.cooked_porkchop":8,"stat.mineBlock.minecraft.coal_ore":25,"stat.pickup.realistictorches.torch_unlit":1,"stat.craftItem.realistictorches.torch_lit":33,"stat.pickup.harvestcraft.eelrawitem":1,"stat.pickup.minecraft.log":62,"stat.pickup.minecraft.string":4,"stat.useItem.minecraft.cooked_fish":2,"stat.pickup.harvestcraft.grouperrawitem":1,"stat.pickup.minecraft.beef":1,"stat.craftItem.realistictorches.torch_unlit":36,"stat.pickup.aquaculture.loot":1,"stat.entityKilledBy.Skeleton":1,"stat.craftItem.minecraft.stone_slab2":0,"stat.useItem.realistictorches.torch_lit":3,"stat.pickup.minecraft.stone":10,"stat.pickup.minecraft.sapling":26,"stat.craftItem.tconstruct.tooltables":3,"stat.killEntity.Squid":2,"stat.sprintOneCm":127006,"stat.pickup.harvestcraft.tunarawitem":1,"stat.pickup.minecraft.apple":1,"stat.pickup.minecraft.skull":1,"stat.craftItem.minecraft.stick":60,"stat.killEntity.Skeleton":2,"stat.drop.realistictorches.torch_lit":2,"stat.useItem.harvestcraft.sardinerawitem":1,"stat.pickup.realistictorches.torch_lit":1,"stat.craftItem.minecraft.planks":108,"stat.useItem.minecraft.iron_sword":25,"stat.craftItem.minecraft.stone":8,"stat.killEntity.Spider":3,"stat.craftItem.minecraft.fishing_rod":2,"stat.pickup.harvestcraft.perchrawitem":1,"stat.mobKills":22,"stat.pickup.minecraft.book":21,"stat.mineBlock.minecraft.log":62,"stat.mineBlock.minecraft.bookshelf":7,"stat.useItem.harvestcraft.perchrawitem":1,"stat.entityKilledBy.Husk":1,"stat.deaths":4,"stat.drop":4,"stat.pickup.minecraft.egg":3,"stat.mineBlock.minecraft.leaves":12,"stat.craftItem.minecraft.paper":24,"stat.playOneMinute":71130,"stat.useItem.minecraft.wooden_sword":3,"stat.craftItem.aquaculture.food":1,"stat.sneakTime":622,"stat.craftItem.minecraft.iron_pickaxe":2,"stat.mineBlock.minecraft.cobblestone_wall":1,"stat.pickup.immersiveengineering.connector":1,"stat.killEntity.Zombie":1,"stat.pickup.realistictorches.matchbox":1,"stat.useItem.harvestcraft.herringrawitem":1,"stat.mineBlock.minecraft.stone":114,"stat.pickup.chisel.marble2":2,"stat.mineBlock.minecraft.tallgrass":2,"stat.fishCaught":2,"stat.diveOneCm":12247,"stat.useItem.minecraft.fishing_rod":11}