{"stat.useItem.minecraft.bow":3,"stat.pickup.immersiveengineering.ore":27,"stat.pickup.minecraft.bone":5,"stat.pickup.minecraft.wooden_slab":3,"stat.useItem.aquaculture.food":5,"stat.leaveGame":2,"stat.mineBlock.minecraft.cobblestone":10,"stat.pickup.minecraft.stone_pickaxe":1,"stat.pickup.minecraft.flint":14,"stat.mineBlock.appliedenergistics2.quartz_ore":5,"stat.swimOneCm":3199,"stat.mineBlock.immersiveengineering.ore":20,"stat.pickup.minecraft.porkchop":3,"stat.mineBlock.gravestone.gravestone":1,"stat.useItem.minecraft.dirt":14,"stat.useItem.minecraft.stone_slab2":22,"stat.pickup.minecraft.bow":1,"stat.craftItem.aquaculture.iron_fishing_rod":2,"stat.pickup.minecraft.rotten_flesh":8,"stat.craftItem.minecraft.furnace":2,"stat.entityKilledBy.Spider":2,"stat.craftItem.minecraft.stone_axe":2,"stat.craftItem.minecraft.stone_pickaxe":3,"stat.pickup.minecraft.cobblestone":464,"stat.pickup.minecraft.leather_boots":1,"stat.mineBlock.chisel.limestone2":13,"stat.flyOneCm":144554,"stat.pickup.biomesoplenty.mushroom":1,"stat.pickup.appliedenergistics2.material":12,"stat.useItem.chisel.limestone2":3,"stat.craftItem.minecraft.wooden_slab":6,"stat.craftItem.realistictorches.matchbox":1,"stat.mineBlock.minecraft.iron_ore":51,"stat.timeSinceDeath":23679,"stat.pickup.tconstruct.slime_sapling":2,"stat.useItem.minecraft.iron_pickaxe":339,"stat.craftItem.minecraft.wooden_pickaxe":1,"stat.pickup.minecraft.double_plant":1,"stat.drop.gravestone.death_info":1,"stat.mineBlock.chisel.marble2":43,"stat.furnaceInteraction":23,"stat.mineBlock.minecraft.coal_ore":97,"stat.killEntity.Creeper":1,"stat.pickup.realistictorches.torch_unlit":5,"stat.craftItem.realistictorches.torch_lit":80,"stat.pickup.minecraft.string":7,"stat.pickup.minecraft.beef":9,"stat.pickup.minecraft.furnace":1,"stat.useItem.minecraft.cooked_mutton":2,"stat.pickup.aquaculture.loot":2,"stat.craftItem.minecraft.stone_slab2":0,"stat.useItem.realistictorches.torch_lit":5,"stat.useItem.minecraft.written_book":1,"stat.sprintOneCm":78774,"stat.pickup.biomesoplenty.flower_0":1,"stat.mineBlock.biomesoplenty.flower_0":3,"stat.mineBlock.biomesoplenty.log_0":7,"stat.craftItem.minecraft.stick":16,"stat.mineBlock.biomesoplenty.grass":1,"stat.pickup.realistictorches.torch_lit":2,"stat.mineBlock.biomesoplenty.mushroom":1,"stat.mineBlock.minecraft.crafting_table":2,"stat.entityKilledBy.Creeper":1,"stat.deaths":3,"stat.drop":1,"stat.playOneMinute":58553,"stat.craftItem.aquaculture.food":24,"stat.craftItem.minecraft.iron_pickaxe":3,"stat.killEntity.Zombie":5,"stat.pickup.realistictorches.matchbox":2,"stat.pickup.chisel.marble2":89,"stat.mineBlock.minecraft.gold_ore":11,"stat.mineBlock.minecraft.tallgrass":11,"stat.fishCaught":5,"stat.diveOneCm":1555,"stat.pickup.minecraft.cooked_mutton":3,"stat.chestOpened":21,"stat.useItem.minecraft.stone":3,"stat.pickup.minecraft.gravel":70,"stat.pickup.minecraft.arrow":5,"stat.pickup.minecraft.stone_axe":2,"stat.useItem.minecraft.rotten_flesh":3,"stat.jump":851,"stat.pickup.minecraft.coal":129,"stat.fallOneCm":21607,"stat.pickup.minecraft.iron_ingot":7,"stat.useItem.minecraft.stone_axe":19,"stat.crouchOneCm":7300,"stat.craftItem.minecraft.iron_ingot":29,"stat.craftItem.minecraft.chest":2,"stat.pickup.minecraft.dirt":22,"stat.craftItem.minecraft.iron_helmet":1,"stat.mineBlock.realistictorches.torch_lit":3,"stat.craftingTableInteraction":12,"stat.pickup.minecraft.iron_ore":58,"stat.pickup.minecraft.gold_ore":11,"stat.damageTaken":885,"stat.pickup.minecraft.leather":5,"stat.useItem.minecraft.wooden_pickaxe":59,"stat.useItem.minecraft.furnace":1,"stat.mineBlock.biomesoplenty.plant_1":8,"stat.mineBlock.biomesoplenty.plant_0":14,"stat.pickup.minecraft.planks":22,"stat.pickup.minecraft.reeds":33,"stat.pickup.biomesoplenty.plant_1":8,"stat.pickup.chisel.limestone2":15,"stat.pickup.aquaculture.fish":5,"stat.pickup.minecraft.wheat_seeds":2,"stat.pickup.minecraft.potato":1,"stat.mineBlock.minecraft.gravel":51,"stat.useItem.minecraft.stone_pickaxe":251,"stat.damageDealt":2661,"stat.killEntity.Silverfish":1,"stat.killEntity.Cow":4,"stat.useItem.biomesoplenty.berries":1,"stat.mineBlock.minecraft.dirt":5,"stat.killEntity.Pig":3,"stat.pickup.aquaculture.food":2,"stat.craftItem.minecraft.iron_sword":3,"stat.walkOneCm":123706,"stat.pickup.immersiveengineering.seed":2,"stat.mineBlock.biomesoplenty.leaves_2":1,"stat.useItem.minecraft.chest":1,"stat.pickup.minecraft.crafting_table":2,"stat.useItem.minecraft.log":2,"stat.useItem.minecraft.cobblestone":58,"stat.craftItem.minecraft.crafting_table":1,"stat.useItem.minecraft.gravel":4,"stat.pickup.minecraft.log":26,"stat.craftItem.realistictorches.torch_unlit":168,"stat.pickup.minecraft.stone":64,"stat.craftItem.minecraft.iron_chestplate":1,"stat.pickup.minecraft.sapling":6,"stat.pickup.minecraft.apple":1,"stat.pickup.minecraft.gold_ingot":1,"stat.killEntity.Skeleton":1,"stat.pickup.biomesoplenty.log_0":7,"stat.craftItem.minecraft.planks":76,"stat.useItem.minecraft.iron_sword":33,"stat.killEntity.Chicken":1,"stat.pickup.harvestcraft.queenbeeitem":2,"stat.killEntity.Spider":3,"stat.pickup.biomesoplenty.berries":1,"stat.mobKills":21,"stat.mineBlock.minecraft.log":26,"stat.mineBlock.minecraft.leaves":3,"stat.craftItem.minecraft.paper":3,"stat.pickup.biomesoplenty.dirt":1,"stat.sneakTime":2746,"stat.mineBlock.minecraft.stone":374,"stat.pickup.minecraft.chest":1}