{"stat.pickup.tconstruct.tooltables":2,"stat.walkOneCm":35056,"stat.leaveGame":1,"stat.craftItem.minecraft.crafting_table":1,"stat.craftItem.minecraft.wool":2,"stat.pickup.minecraft.log":11,"stat.jump":119,"stat.swimOneCm":1543,"stat.fallOneCm":3805,"stat.pickup.minecraft.carrot":7,"stat.useItem.minecraft.stone_axe":1,"stat.pickup.minecraft.chicken":6,"stat.pickup.minecraft.sapling":1,"stat.craftItem.tconstruct.tooltables":1,"stat.killEntity.Squid":1,"stat.pickup.minecraft.dirt":8,"stat.mineBlock.minecraft.stained_hardened_clay":2,"stat.sprintOneCm":51576,"stat.pickup.harvestcraft.calamarirawitem":2,"stat.useItem.minecraft.stone_slab2":2,"stat.craftItem.minecraft.stick":16,"stat.useItem.harvestcraft.calamarirawitem":2,"stat.craftItem.minecraft.planks":12,"stat.mineBlock.tconstruct.tooltables":2,"stat.killEntity.Chicken":7,"stat.craftItem.minecraft.stone_axe":2,"stat.damageTaken":60,"stat.pickup.minecraft.feather":5,"stat.pickup.minecraft.cobblestone_wall":1,"stat.craftItem.minecraft.stone_pickaxe":2,"stat.useItem.minecraft.wooden_pickaxe":19,"stat.mobKills":11,"stat.pickup.minecraft.cobblestone":18,"stat.mineBlock.minecraft.log":11,"stat.mineBlock.biomesoplenty.plant_0":5,"stat.pickup.minecraft.dye":3,"stat.craftItem.minecraft.stone_sword":2,"stat.flyOneCm":13890,"stat.mineBlock.minecraft.leaves":4,"stat.playOneMinute":9419,"stat.killEntity.Sheep":3,"stat.useItem.minecraft.stone_pickaxe":3,"stat.mineBlock.minecraft.glass":1,"stat.sneakTime":2,"stat.useItem.minecraft.stone_sword":11,"stat.pickup.minecraft.wool":3,"stat.mineBlock.minecraft.cobblestone_wall":1,"stat.damageDealt":620,"stat.timeSinceDeath":9419,"stat.mineBlock.minecraft.dirt":8,"stat.pickup.minecraft.stained_hardened_clay":2,"stat.craftItem.minecraft.wooden_pickaxe":2,"stat.mineBlock.minecraft.stone":18,"stat.pickup.minecraft.mutton":4,"stat.diveOneCm":547}