{"stat.pickup.minecraft.sand":2,"stat.walkOneCm":41023,"stat.craftItem.minecraft.planks":28,"stat.useItem.minecraft.egg":1,"stat.damageTaken":150,"stat.craftItem.minecraft.crafting_table":1,"stat.craftItem.minecraft.stone_pickaxe":1,"stat.useItem.minecraft.wooden_pickaxe":16,"stat.mineBlock.minecraft.coal_ore":28,"stat.pickup.minecraft.cobblestone":13,"stat.mineBlock.minecraft.log":7,"stat.mineBlock.minecraft.sandstone":2,"stat.pickup.minecraft.log":7,"stat.flyOneCm":34249,"stat.pickup.minecraft.sandstone":2,"stat.drop":1,"stat.jump":160,"stat.swimOneCm":968,"stat.mineBlock.minecraft.sand":2,"stat.playOneMinute":33925,"stat.pickup.minecraft.coal":28,"stat.fallOneCm":3299,"stat.useItem.minecraft.stone_pickaxe":27,"stat.sneakTime":37,"stat.crouchOneCm":259,"stat.timeSinceDeath":33925,"stat.pickup.minecraft.sapling":4,"stat.sprintOneCm":37005,"stat.useItem.minecraft.stone_slab2":4,"stat.craftItem.minecraft.wooden_pickaxe":1,"stat.mineBlock.minecraft.stone":13,"stat.diveOneCm":412,"stat.craftItem.minecraft.stick":4,"stat.craftingTableInteraction":3,"stat.drop.midnight.bloomcrystal_rock":1}