{"stat.chestOpened":2,"stat.walkOneCm":64785,"stat.pickup.minecraft.bone":9,"stat.drop.minecraft.wooden_pickaxe":1,"stat.pickup.enderio.item_basic_capacitor":3,"stat.pickup.minecraft.arrow":1,"stat.craftItem.minecraft.crafting_table":1,"stat.pickup.realistictorches.torch_unlit":4,"stat.pickup.gravestone.death_info":3,"stat.useItem.minecraft.rotten_flesh":1,"stat.pickup.minecraft.log":12,"stat.pickup.minecraft.string":12,"stat.jump":113,"stat.swimOneCm":871,"stat.climbOneCm":2631,"stat.fallOneCm":3753,"stat.entityKilledBy.Skeleton":1,"stat.pickup.minecraft.gunpowder":24,"stat.crouchOneCm":1196,"stat.mineBlock.gravestone.gravestone":3,"stat.pickup.minecraft.spider_eye":3,"stat.useItem.minecraft.written_book":1,"stat.pickup.minecraft.sapling":6,"stat.pickup.minecraft.dirt":21,"stat.useItem.minecraft.dirt":6,"stat.sprintOneCm":29916,"stat.useItem.minecraft.stone_slab2":17,"stat.mineBlock.realistictorches.torch_lit":1,"stat.craftItem.minecraft.stick":4,"stat.craftingTableInteraction":4,"stat.pickup.minecraft.rotten_flesh":5,"stat.pickup.minecraft.diamond_horse_armor":3,"stat.craftItem.minecraft.planks":16,"stat.useItem.minecraft.egg":1,"stat.mineBlock.minecraft.glass_pane":1,"stat.damageTaken":1105,"stat.pickup.minecraft.bread":6,"stat.pickup.minecraft.written_book":3,"stat.craftItem.minecraft.stone_pickaxe":1,"stat.useItem.minecraft.wooden_pickaxe":3,"stat.mobKills":1,"stat.pickup.minecraft.saddle":3,"stat.mineBlock.minecraft.sapling":2,"stat.pickup.minecraft.cobblestone":3,"stat.mineBlock.minecraft.log":3,"stat.useItem.minecraft.dye":26,"stat.pickup.minecraft.dye":18,"stat.useItem.minecraft.golden_apple":1,"stat.flyOneCm":6025,"stat.deaths":3,"stat.drop":1,"stat.mineBlock.minecraft.leaves":7,"stat.pickup.minecraft.beetroot_seeds":9,"stat.playOneMinute":12338,"stat.entityKilledBy.Zombie":2,"stat.sneakTime":492,"stat.damageDealt":483,"stat.killEntity.Zombie":1,"stat.timeSinceDeath":3154,"stat.craftItem.minecraft.dye":27,"stat.mineBlock.minecraft.dirt":18,"stat.craftItem.minecraft.wooden_pickaxe":1,"stat.mineBlock.minecraft.stone":3,"stat.diveOneCm":246}