{"stat.chestOpened":6,"stat.walkOneCm":132715,"stat.pickup.minecraft.bone":3,"stat.drop.minecraft.wooden_pickaxe":1,"stat.leaveGame":1,"stat.pickup.minecraft.arrow":5,"stat.useItem.minecraft.cobblestone":4,"stat.craftItem.minecraft.crafting_table":1,"stat.pickup.gravestone.death_info":3,"stat.pickup.minecraft.log":16,"stat.pickup.minecraft.string":14,"stat.mineBlock.minecraft.stained_glass_pane":2,"stat.swimOneCm":2673,"stat.jump":165,"stat.fallOneCm":4833,"stat.climbOneCm":5638,"stat.entityKilledBy.Skeleton":4,"stat.drop.minecraft.stone_sword":1,"stat.crouchOneCm":3803,"stat.mineBlock.gravestone.gravestone":2,"stat.pickup.minecraft.spider_eye":3,"stat.craftItem.minecraft.chest":1,"stat.pickup.minecraft.sapling":2,"stat.pickup.minecraft.dirt":2,"stat.sprintOneCm":64055,"stat.useItem.minecraft.stone_slab2":3,"stat.craftItem.minecraft.stick":8,"stat.craftingTableInteraction":7,"stat.pickup.minecraft.rotten_flesh":4,"stat.killEntity.Skeleton":1,"stat.craftItem.minecraft.planks":20,"stat.mineBlock.minecraft.glass_pane":4,"stat.pickup.minecraft.wooden_pickaxe":1,"stat.damageTaken":1500,"stat.killEntity.Spider":5,"stat.drop.minecraft.bone":1,"stat.craftItem.minecraft.stone_pickaxe":1,"stat.useItem.minecraft.wooden_pickaxe":6,"stat.mobKills":9,"stat.pickup.minecraft.cobblestone":17,"stat.mineBlock.minecraft.log":16,"stat.craftItem.minecraft.stone_sword":2,"stat.flyOneCm":40876,"stat.deaths":5,"stat.drop":3,"stat.mineBlock.minecraft.leaves":17,"stat.playOneMinute":35545,"stat.entityKilledBy.Zombie":1,"stat.useItem.minecraft.stone_pickaxe":11,"stat.sneakTime":959,"stat.damageDealt":1589,"stat.killEntity.Zombie":2,"stat.timeSinceDeath":1111,"stat.mineBlock.minecraft.dirt":1,"stat.craftItem.minecraft.wooden_pickaxe":1,"stat.mineBlock.minecraft.stone":17,"stat.diveOneCm":1086}