{"stat.chestOpened":5,"stat.walkOneCm":51223,"stat.pickup.minecraft.bone":3,"stat.leaveGame":1,"stat.pickup.minecraft.gravel":1,"stat.useItem.immersiveengineering.connector":1,"stat.pickup.minecraft.arrow":1,"stat.mineBlock.minecraft.cobblestone":1,"stat.useItem.minecraft.cobblestone":16,"stat.furnaceInteraction":1,"stat.mineBlock.minecraft.coal_ore":5,"stat.pickup.minecraft.log":8,"stat.pickup.minecraft.string":4,"stat.mineBlock.minecraft.stained_glass":2,"stat.swimOneCm":2213,"stat.jump":216,"stat.pickup.minecraft.coal":5,"stat.fallOneCm":2547,"stat.climbOneCm":9944,"stat.craftItem.realistictorches.torch_unlit":4,"stat.entityKilledBy.Skeleton":2,"stat.crouchOneCm":15281,"stat.mineBlock.minecraft.chest":1,"stat.useItem.minecraft.written_book":2,"stat.pickup.minecraft.spider_eye":1,"stat.pickup.minecraft.sapling":6,"stat.pickup.minecraft.dirt":5,"stat.sprintOneCm":25350,"stat.useItem.minecraft.stone_slab2":9,"stat.craftItem.minecraft.stick":8,"stat.craftingTableInteraction":4,"stat.pickup.minecraft.rotten_flesh":7,"stat.useItem.immersiveengineering.wirecoil":4,"stat.craftItem.minecraft.planks":24,"stat.mineBlock.minecraft.glass_pane":9,"stat.pickup.minecraft.wooden_pickaxe":1,"stat.damageTaken":730,"stat.killEntity.Spider":3,"stat.pickup.minecraft.stone_sword":1,"stat.craftItem.minecraft.stone_pickaxe":1,"stat.useItem.minecraft.wooden_pickaxe":20,"stat.useItem.minecraft.wooden_shovel":4,"stat.mobKills":9,"stat.pickup.minecraft.cobblestone":29,"stat.mineBlock.minecraft.log":9,"stat.craftItem.minecraft.wooden_door":3,"stat.useItem.minecraft.wooden_door":2,"stat.flyOneCm":21924,"stat.deaths":2,"stat.mineBlock.minecraft.leaves":12,"stat.playOneMinute":16869,"stat.craftItem.minecraft.wooden_shovel":1,"stat.mineBlock.minecraft.gravel":1,"stat.pickup.immersiveengineering.wirecoil":3,"stat.useItem.minecraft.stone_pickaxe":17,"stat.sneakTime":3921,"stat.useItem.minecraft.stone_sword":12,"stat.damageDealt":1091,"stat.pickup.immersiveengineering.connector":2,"stat.killEntity.Zombie":7,"stat.timeSinceDeath":6893,"stat.mineBlock.minecraft.dirt":5,"stat.mineBlock.minecraft.stone":28,"stat.diveOneCm":5057,"stat.pickup.minecraft.chest":1}