{"stat.chestOpened":13,"stat.craftItem.minecraft.stone_shovel":1,"stat.walkOneCm":131537,"stat.pickup.minecraft.bone":9,"stat.drop.gravestone.death_info":1,"stat.drop.minecraft.wooden_pickaxe":1,"stat.pickup.enderio.item_basic_capacitor":3,"stat.leaveGame":1,"stat.pickup.minecraft.arrow":1,"stat.mineBlock.minecraft.cobblestone":1,"stat.useItem.minecraft.cobblestone":16,"stat.pickup.minecraft.stone_pickaxe":1,"stat.pickup.minecraft.stonebrick":10,"stat.craftItem.minecraft.crafting_table":1,"stat.pickup.realistictorches.torch_unlit":4,"stat.pickup.gravestone.death_info":6,"stat.useItem.minecraft.potion":3,"stat.craftItem.realistictorches.torch_lit":1,"stat.useItem.minecraft.rotten_flesh":1,"stat.pickup.minecraft.log":13,"stat.pickup.minecraft.string":12,"stat.jump":240,"stat.swimOneCm":8524,"stat.climbOneCm":4089,"stat.fallOneCm":6424,"stat.entityKilledBy.Skeleton":2,"stat.pickup.minecraft.gunpowder":24,"stat.crouchOneCm":4656,"stat.mineBlock.gravestone.gravestone":4,"stat.pickup.minecraft.spider_eye":4,"stat.useItem.minecraft.written_book":1,"stat.craftItem.minecraft.chest":1,"stat.pickup.minecraft.sapling":6,"stat.pickup.minecraft.dirt":38,"stat.useItem.minecraft.dirt":11,"stat.sprintOneCm":50743,"stat.useItem.minecraft.stone_slab2":27,"stat.mineBlock.realistictorches.torch_lit":1,"stat.craftItem.minecraft.stick":8,"stat.craftingTableInteraction":10,"stat.pickup.minecraft.rotten_flesh":5,"stat.pickup.minecraft.diamond_horse_armor":3,"stat.pickup.minecraft.stone_shovel":1,"stat.mineBlock.minecraft.stonebrick":10,"stat.craftItem.minecraft.planks":20,"stat.useItem.minecraft.egg":1,"stat.mineBlock.minecraft.glass_pane":1,"stat.damageTaken":1535,"stat.killEntity.Spider":1,"stat.pickup.minecraft.bread":6,"stat.pickup.minecraft.stone_sword":1,"stat.pickup.minecraft.written_book":3,"stat.craftItem.minecraft.stone_pickaxe":1,"stat.useItem.minecraft.wooden_pickaxe":3,"stat.mobKills":2,"stat.pickup.minecraft.saddle":3,"stat.mineBlock.minecraft.sapling":2,"stat.pickup.minecraft.cobblestone":51,"stat.mineBlock.minecraft.log":4,"stat.useItem.minecraft.dye":26,"stat.pickup.minecraft.dye":18,"stat.useItem.minecraft.stone_shovel":4,"stat.useItem.minecraft.golden_apple":1,"stat.craftItem.minecraft.stone_sword":1,"stat.flyOneCm":707529,"stat.deaths":5,"stat.drop":3,"stat.mineBlock.minecraft.leaves":9,"stat.pickup.minecraft.beetroot_seeds":9,"stat.playOneMinute":44156,"stat.entityKilledBy.Zombie":3,"stat.useItem.minecraft.stone_pickaxe":60,"stat.sneakTime":2926,"stat.damageDealt":563,"stat.killEntity.Zombie":1,"stat.timeSinceDeath":22289,"stat.craftItem.minecraft.dye":27,"stat.mineBlock.minecraft.dirt":35,"stat.drop.extrautils2.teleporter":1,"stat.craftItem.minecraft.wooden_pickaxe":1,"stat.mineBlock.minecraft.stone":52,"stat.diveOneCm":153105}