{"stat.chestOpened":18,"stat.useItem.minecraft.splash_potion":272,"stat.walkOneCm":207479,"stat.pickup.minecraft.bone":11,"stat.pickup.minecraft.brewing_stand":2,"stat.drop.gravestone.death_info":9,"stat.drop.minecraft.wooden_pickaxe":1,"stat.leaveGame":2,"stat.pickup.minecraft.arrow":15,"stat.useItem.minecraft.cobblestone":4,"stat.mineBlock.minecraft.anvil":1,"stat.pickup.minecraft.stone_pickaxe":1,"stat.pickup.minecraft.stonebrick":14,"stat.craftItem.minecraft.crafting_table":1,"stat.furnaceInteraction":1,"stat.mineBlock.minecraft.coal_ore":13,"stat.mineBlock.minecraft.brown_mushroom":5,"stat.pickup.gravestone.death_info":7,"stat.craftItem.realistictorches.torch_lit":20,"stat.pickup.minecraft.log":16,"stat.pickup.minecraft.string":18,"stat.useItem.minecraft.rotten_flesh":2,"stat.mineBlock.minecraft.stained_glass_pane":2,"stat.mineBlock.minecraft.stained_glass":6,"stat.swimOneCm":2993,"stat.jump":281,"stat.pickup.minecraft.coal":13,"stat.fallOneCm":7123,"stat.climbOneCm":8657,"stat.mineBlock.minecraft.web":2,"stat.pickup.minecraft.furnace":2,"stat.craftItem.realistictorches.torch_unlit":20,"stat.entityKilledBy.Skeleton":5,"stat.drop.minecraft.stone_sword":1,"stat.useItem.realistictorches.torch_lit":1,"stat.crouchOneCm":4688,"stat.mineBlock.gravestone.gravestone":3,"stat.mineBlock.minecraft.chest":1,"stat.pickup.minecraft.spider_eye":3,"stat.craftItem.minecraft.chest":1,"stat.useItem.minecraft.stained_hardened_clay":1,"stat.pickup.minecraft.sapling":3,"stat.pickup.minecraft.dirt":4,"stat.mineBlock.minecraft.stained_hardened_clay":8,"stat.useItem.minecraft.dirt":1,"stat.sprintOneCm":90949,"stat.useItem.minecraft.stone_slab2":12,"stat.craftItem.minecraft.stick":8,"stat.craftingTableInteraction":8,"stat.pickup.minecraft.rotten_flesh":5,"stat.killEntity.Skeleton":9,"stat.mineBlock.minecraft.stonebrick":14,"stat.craftItem.minecraft.planks":20,"stat.mineBlock.minecraft.glass_pane":4,"stat.pickup.minecraft.wooden_pickaxe":1,"stat.pickup.minecraft.anvil":2,"stat.damageTaken":2070,"stat.killEntity.Spider":11,"stat.drop.minecraft.bone":1,"stat.pickup.minecraft.cobblestone_wall":2,"stat.pickup.minecraft.stone_sword":1,"stat.craftItem.minecraft.stone_pickaxe":1,"stat.mineBlock.minecraft.furnace":1,"stat.useItem.minecraft.wooden_pickaxe":6,"stat.mobKills":27,"stat.pickup.minecraft.cobblestone":123,"stat.useItem.minecraft.stonebrick":3,"stat.mineBlock.minecraft.log":16,"stat.craftItem.minecraft.stone_sword":2,"stat.flyOneCm":408429,"stat.deaths":8,"stat.drop":12,"stat.pickup.minecraft.brown_mushroom":10,"stat.mineBlock.minecraft.leaves":18,"stat.playOneMinute":65222,"stat.entityKilledBy.Zombie":2,"stat.useItem.minecraft.stone_pickaxe":158,"stat.pickup.immersiveengineering.wirecoil":1,"stat.sneakTime":1829,"stat.useItem.minecraft.stone_sword":31,"stat.mineBlock.minecraft.cobblestone_wall":2,"stat.damageDealt":2760,"stat.craftItem.realistictorches.matchbox":1,"stat.killEntity.Zombie":8,"stat.timeSinceDeath":4956,"stat.mineBlock.minecraft.dirt":3,"stat.pickup.minecraft.stained_hardened_clay":15,"stat.craftItem.minecraft.wooden_pickaxe":1,"stat.mineBlock.minecraft.stone":125,"stat.diveOneCm":21812,"stat.pickup.minecraft.chest":2}