{"stat.useItem.minecraft.splash_potion":81,"stat.walkOneCm":55862,"stat.drop.gravestone.death_info":2,"stat.leaveGame":1,"stat.pickup.minecraft.gravel":4,"stat.pickup.minecraft.crafting_table":1,"stat.drop.minecraft.glowstone_dust":1,"stat.furnaceInteraction":1,"stat.pickup.minecraft.flint":2,"stat.pickup.realistictorches.torch_unlit":1,"stat.pickup.minecraft.string":1,"stat.mineBlock.minecraft.stained_glass":5,"stat.jump":133,"stat.swimOneCm":6683,"stat.climbOneCm":8922,"stat.fallOneCm":2587,"stat.useItem.minecraft.planks":9,"stat.drop.minecraft.cobblestone":3,"stat.useItem.realistictorches.torch_lit":2,"stat.crouchOneCm":1946,"stat.sprintOneCm":36714,"stat.useItem.minecraft.stone_slab2":772,"stat.mineBlock.realistictorches.torch_lit":1,"stat.useItem.minecraft.water_bucket":2,"stat.pickup.burningtorch.charredtorchremains":6,"stat.craftItem.minecraft.planks":12,"stat.mineBlock.minecraft.leaves2":5,"stat.mineBlock.minecraft.glass_pane":4,"stat.mineBlock.minecraft.log2":3,"stat.damageTaken":490,"stat.killEntity.Spider":1,"stat.mineBlock.minecraft.crafting_table":1,"stat.useItem.minecraft.wooden_button":1,"stat.craftItem.minecraft.wooden_button":2,"stat.mobKills":1,"stat.pickup.minecraft.cobblestone":26,"stat.pickup.minecraft.book":12,"stat.pickup.minecraft.log2":3,"stat.mineBlock.minecraft.bookshelf":4,"stat.pickup.minecraft.planks":7,"stat.flyOneCm":492184,"stat.deaths":2,"stat.mineBlock.minecraft.planks":3,"stat.drop":8,"stat.mineBlock.minecraft.leaves":2,"stat.craftItem.minecraft.paper":24,"stat.playOneMinute":29347,"stat.drop.realistictorches.torch_unlit":1,"stat.entityKilledBy.Zombie":1,"stat.drop.minecraft.string":1,"stat.mineBlock.minecraft.gravel":6,"stat.sneakTime":2207,"stat.damageDealt":166,"stat.timeSinceDeath":9396,"stat.diveOneCm":99874}