{"stat.chestOpened":23,"stat.useItem.minecraft.splash_potion":160,"stat.walkOneCm":94470,"stat.pickup.minecraft.bone":3,"stat.leaveGame":1,"stat.pickup.minecraft.gravel":1,"stat.useItem.immersiveengineering.connector":1,"stat.pickup.minecraft.arrow":1,"stat.mineBlock.minecraft.cobblestone":2,"stat.useItem.minecraft.cobblestone":42,"stat.pickup.minecraft.stone_pickaxe":1,"stat.furnaceInteraction":1,"stat.mineBlock.minecraft.coal_ore":9,"stat.minecartOneCm":7504,"stat.pickup.realistictorches.torch_unlit":2,"stat.pickup.gravestone.death_info":9,"stat.craftItem.realistictorches.torch_lit":3,"stat.pickup.minecraft.log":8,"stat.pickup.minecraft.string":4,"stat.mineBlock.minecraft.stained_glass_pane":1,"stat.mineBlock.minecraft.stained_glass":2,"stat.useItem.realistictorches.torch_unlit":2,"stat.swimOneCm":6125,"stat.jump":540,"stat.pickup.minecraft.coal":9,"stat.fallOneCm":13170,"stat.climbOneCm":9944,"stat.craftItem.realistictorches.torch_unlit":4,"stat.useItem.minecraft.milk_bucket":1,"stat.entityKilledBy.Skeleton":4,"stat.useItem.realistictorches.torch_lit":2,"stat.crouchOneCm":30003,"stat.mineBlock.minecraft.chest":1,"stat.mineBlock.gravestone.gravestone":2,"stat.pickup.minecraft.rail":1,"stat.useItem.minecraft.written_book":2,"stat.pickup.minecraft.spider_eye":1,"stat.useItem.minecraft.stained_hardened_clay":4,"stat.mineBlock.realistictorches.torch_unlit":2,"stat.pickup.minecraft.sapling":6,"stat.pickup.minecraft.dirt":6,"stat.useItem.minecraft.dirt":4,"stat.mineBlock.minecraft.stained_hardened_clay":10,"stat.sprintOneCm":49448,"stat.useItem.minecraft.stone_slab2":380,"stat.craftItem.minecraft.stick":8,"stat.craftingTableInteraction":7,"stat.pickup.minecraft.rotten_flesh":10,"stat.useItem.immersiveengineering.wirecoil":4,"stat.craftItem.minecraft.planks":24,"stat.useItem.minecraft.flint_and_steel":2,"stat.mineBlock.minecraft.glass_pane":9,"stat.pickup.minecraft.wooden_pickaxe":1,"stat.damageTaken":1380,"stat.killEntity.Spider":4,"stat.pickup.minecraft.stone_sword":1,"stat.craftItem.minecraft.stone_pickaxe":1,"stat.useItem.minecraft.wooden_pickaxe":20,"stat.useItem.minecraft.wooden_shovel":5,"stat.mobKills":16,"stat.pickup.minecraft.cobblestone":79,"stat.pickup.minecraft.book":12,"stat.mineBlock.minecraft.log":10,"stat.craftItem.minecraft.wooden_door":3,"stat.mineBlock.minecraft.bookshelf":4,"stat.useItem.minecraft.wooden_door":2,"stat.flyOneCm":581895,"stat.deaths":5,"stat.mineBlock.minecraft.leaves":29,"stat.craftItem.minecraft.paper":24,"stat.playOneMinute":51969,"stat.craftItem.minecraft.wooden_shovel":1,"stat.mineBlock.minecraft.gravel":1,"stat.pickup.immersiveengineering.wirecoil":3,"stat.useItem.minecraft.stone_pickaxe":89,"stat.craftItem.minecraft.wooden_slab":12,"stat.sneakTime":8057,"stat.useItem.minecraft.stone_sword":12,"stat.damageDealt":1406,"stat.pickup.immersiveengineering.connector":2,"stat.craftItem.realistictorches.matchbox":2,"stat.killEntity.Zombie":11,"stat.timeSinceDeath":21102,"stat.mineBlock.minecraft.dirt":6,"stat.pickup.minecraft.stained_hardened_clay":10,"stat.mineBlock.minecraft.stone":70,"stat.diveOneCm":25508,"stat.pickup.minecraft.chest":1}